<xml xmlns="http://www.w3.org/1999/xhtml">
  <block type="onfirstboot" id="onfirstboot" x="13" y="-23">
    <next>
      <block type="bootbehaviour" id="p!q]Dfx=NC{klJ2{Be8(">
        <field name="1">Console
        </field>
          <next>
            <block type="changepass" id="=fk?E8xlI13IS~X^9lhP">
              <field name="1">myPassword
              </field>
              <next>
                <block type="sethostname" id="_acvEiQ/%YU^C%9UJrE@">
                  <field name="1">myPisHostname
                  </field>
                  <next>
                    <block type="wifisetup" id="CysiKXlbGMrTdKNZjL8I">
                      <field name="1">SSID
                      </field>
                      <field name="2">Password
                      </field>
                      <field name="3">WPA/WPA2
                      </field>
                      <next>
                        <block type="reboot" id="R:h`6C?CaF`L;J[wVbjq">
                        </block>
                      </next>
                    </block>
                  </next>
                </block>
              </next>
            </block>
          </next>
        </block>
      </next>
    </block>
  </xml>
